Gender,Age,Height,Weight,Exercise_Type,Duration,Intensity,Distance,Calories_Burned
Male,56,171.0,88.3,Yoga,101.4,High,0.0,1313.0
Female,46,153.0,74.9,HIIT,78.0,Medium,0.0,883.0
Female,32,166.0,68.1,Cardio,66.6,Medium,0.0,677.0
Male,25,170.0,53.2,Strength,35.4,Low,0.0,532.0
Male,38,179.0,46.1,Strength,38.4,Low,0.0,556.0
Female,56,168.0,58.0,HIIT,95.4,High,0.0,1116.0
Male,36,172.0,70.3,Cardio,89.4,Medium,0.0,1385.0
Female,40,151.0,69.7,Cardio,76.2,Medium,0.0,895.0
Male,28,194.0,121.7,Strength,61.8,Medium,0.0,719.0
Male,28,184.0,101.8,Cardio,64.8,Low,0.0,808.0
Male,41,167.0,120.8,HIIT,49.2,Low,0.0,593.0
Male,53,170.0,51.7,HIIT,69.0,Medium,0.0,865.0
Male,57,161.0,112.5,Cardio,74.4,Medium,0.0,1013.0
Male,41,200.0,94.5,HIIT,70.8,Low,0.0,794.0
Male,20,181.0,117.7,Yoga,81.0,Medium,0.0,1195.0
Female,39,175.0,42.5,Strength,67.8,Low,0.0,740.0
Female,19,153.0,64.0,HIIT,79.8,Medium,0.0,1111.0
Female,41,177.0,43.8,Cardio,71.4,Low,0.0,884.0
Female,47,175.0,66.8,Strength,67.8,Medium,0.0,742.0
Female,55,167.0,75.2,HIIT,82.2,Low,0.0,1030.0
Male,19,177.0,89.0,Strength,90.0,Medium,0.0,1048.0
Male,38,177.0,71.9,Cardio,67.2,Low,0.0,875.0
Female,50,168.0,71.0,Yoga,70.2,Low,0.0,848.0
Male,29,178.0,120.9,Yoga,46.8,Low,0.0,721.0
Female,39,169.0,64.3,HIIT,75.0,Medium,0.0,925.0
Female,42,171.0,63.7,Yoga,85.2,Medium,0.0,1080.0
Male,44,180.0,65.2,HIIT,43.8,Low,0.0,502.0
Male,59,175.0,53.9,Strength,88.8,Medium,0.0,989.0
Male,45,186.0,84.9,HIIT,98.4,High,0.0,1104.0
Female,33,168.0,78.0,HIIT,77.4,Medium,0.0,871.0
Male,32,180.0,108.2,HIIT,76.2,Low,0.0,964.0
Female,20,152.0,65.4,Yoga,61.8,Medium,0.0,654.0
Female,54,161.0,50.2,HIIT,88.8,Low,0.0,1046.0
Female,24,151.0,58.9,Cardio,62.4,Low,0.0,816.0
Male,38,171.0,81.4,HIIT,91.2,High,0.0,1237.0
Male,26,173.0,127.6,Strength,79.2,Low,0.0,1162.0
Female,56,156.0,59.3,Cardio,75.6,Medium,0.0,879.0
Male,35,171.0,96.9,Strength,80.4,Medium,0.0,1069.0
Male,21,181.0,62.6,Strength,78.0,Medium,0.0,1072.0
Male,42,160.0,45.5,Strength,78.6,Medium,0.0,1057.0
Female,31,151.0,48.8,Cardio,88.8,Low,0.0,969.0
Female,26,160.0,44.3,Cardio,64.8,Low,0.0,734.0
Male,43,183.0,113.2,Yoga,87.0,Medium,0.0,962.0
Female,19,159.0,60.5,Cardio,68.4,Low,0.0,730.0
Male,37,176.0,124.2,HIIT,90.0,Low,0.0,1304.0
Male,45,185.0,52.4,Strength,72.0,Low,0.0,956.0
Male,24,174.0,54.7,Yoga,50.4,Low,0.0,772.0
Male,25,195.0,88.1,Cardio,84.6,Low,0.0,1016.0
Female,52,171.0,59.7,Strength,73.8,Low,0.0,836.0
Female,31,154.0,79.7,Cardio,61.8,Medium,0.0,742.0
Female,34,162.0,51.0,Yoga,85.2,Medium,0.0,1122.0
Male,53,176.0,84.2,Cardio,100.2,High,0.0,1133.0
Male,57,189.0,122.1,Cardio,67.8,Low,0.0,750.0
Male,21,172.0,96.7,Strength,75.6,Low,0.0,1046.0
Female,19,179.0,73.0,HIIT,48.6,Low,0.0,506.0
Male,23,160.0,114.8,Cardio,88.2,Medium,0.0,1318.0
Female,59,152.0,65.5,Yoga,84.0,Medium,0.0,1021.0
Female,21,152.0,50.3,Cardio,64.8,Low,0.0,832.0
Female,46,171.0,61.0,Cardio,100.2,High,0.0,1150.0
Female,35,162.0,44.6,HIIT,33.6,Low,0.0,440.0
Female,43,161.0,58.2,Strength,62.4,Medium,0.0,580.0
Female,51,163.0,44.8,Yoga,64.8,Medium,0.0,666.0
Male,27,163.0,87.5,Strength,105.0,High,0.0,1299.0
Male,53,174.0,51.8,Strength,73.8,Medium,0.0,773.0
Female,31,170.0,64.4,Strength,118.2,High,0.0,1418.0
Female,48,161.0,67.1,Cardio,37.2,Low,0.0,421.0
Male,32,160.0,85.9,HIIT,119.4,High,0.0,1587.0
Female,25,177.0,65.4,Cardio,53.4,Low,0.0,627.0
Female,31,176.0,61.1,Yoga,108.6,High,0.0,1358.0
Male,40,165.0,106.5,HIIT,79.2,Medium,0.0,1176.0
Female,57,152.0,64.0,Strength,103.8,High,0.0,1004.0
Female,38,154.0,61.4,HIIT,88.2,Medium,0.0,963.0
Female,33,163.0,40.5,Yoga,64.2,Medium,0.0,786.0
Male,35,179.0,70.1,Cardio,64.8,Medium,0.0,743.0
Male,41,162.0,94.1,Cardio,67.8,Medium,0.0,777.0
Male,43,182.0,55.5,Strength,64.8,Low,0.0,663.0
Female,42,172.0,53.7,Cardio,82.2,Low,0.0,875.0
Female,58,175.0,66.1,Cardio,37.8,Low,0.0,363.0
Male,46,177.0,103.9,Yoga,70.8,Low,0.0,864.0
Female,32,158.0,61.7,HIIT,112.2,High,0.0,1262.0
Female,18,174.0,52.3,Cardio,72.0,Low,0.0,990.0
Female,42,174.0,59.5,Yoga,106.8,High,0.0,1129.0
Female,24,176.0,72.9,Yoga,51.6,Low,0.0,546.0
Female,26,163.0,76.7,Strength,64.8,Low,0.0,751.0
Male,41,183.0,72.1,Yoga,67.8,Medium,0.0,744.0
Female,18,168.0,54.8,Strength,76.2,Medium,0.0,1003.0
Male,25,188.0,105.0,Cardio,80.4,Medium,0.0,1150.0
Female,41,155.0,55.0,Strength,87.0,Medium,0.0,1103.0
Male,28,166.0,81.6,Yoga,65.4,Medium,0.0,917.0
Female,34,160.0,75.6,HIIT,38.4,Low,0.0,416.0
Male,25,161.0,81.5,HIIT,115.8,High,0.0,1688.0
Female,52,169.0,61.5,Cardio,108.0,High,0.0,1231.0
Male,52,163.0,74.0,Cardio,75.6,Medium,0.0,936.0
Female,50,159.0,56.4,HIIT,75.6,Low,0.0,924.0
Male,22,184.0,102.6,Strength,75.0,Medium,0.0,1052.0
Female,59,157.0,54.6,Cardio,34.8,Low,0.0,441.0
Male,56,178.0,129.0,Yoga,77.4,Low,0.0,805.0
Male,58,166.0,103.5,Cardio,79.8,Low,0.0,1106.0
Female,45,151.0,59.4,Strength,69.0,Medium,0.0,735.0
Female,24,179.0,60.1,Cardio,118.2,High,0.0,1625.0
Male,26,162.0,77.7,Yoga,69.6,Medium,0.0,804.0
Female,25,162.0,41.2,Yoga,89.4,Medium,0.0,1073.0
Male,29,161.0,58.6,Yoga,72.0,Medium,0.0,805.0
Male,51,178.0,109.3,Strength,32.4,Low,0.0,420.0
Male,50,196.0,69.6,Strength,58.2,Low,0.0,667.0
Female,40,179.0,56.2,Yoga,107.4,High,0.0,1369.0
Male,41,196.0,71.7,Yoga,30.6,Low,0.0,424.0
Male,54,193.0,86.0,Strength,104.4,High,0.0,1404.0
Female,52,159.0,79.4,Strength,83.4,Medium,0.0,1020.0
Female,57,162.0,78.4,Strength,60.6,Medium,0.0,677.0
Female,39,160.0,55.4,HIIT,86.4,Medium,0.0,979.0
Female,44,155.0,61.7,Strength,84.6,Medium,0.0,819.0
Male,52,182.0,85.5,Yoga,106.8,High,0.0,1357.0
Male,18,193.0,87.6,HIIT,103.2,High,0.0,1315.0
Male,52,172.0,82.4,Strength,60.6,Medium,0.0,685.0
Male,54,168.0,67.0,Yoga,33.0,Low,0.0,446.0
Female,31,160.0,42.3,Cardio,65.4,Medium,0.0,888.0
Male,20,199.0,82.7,HIIT,101.4,High,0.0,1357.0
Male,18,174.0,92.4,Yoga,84.6,Low,0.0,1303.0
Female,22,154.0,63.2,Cardio,61.2,Medium,0.0,790.0
Male,43,185.0,82.7,Yoga,73.2,Medium,0.0,858.0
Male,31,176.0,86.6,Strength,77.4,Medium,0.0,1071.0
Male,56,195.0,129.5,Strength,60.0,Low,0.0,639.0
Male,44,183.0,98.0,Cardio,76.8,Medium,0.0,824.0
Male,26,168.0,86.2,Strength,118.2,High,0.0,1701.0
Male,32,162.0,78.6,Yoga,76.8,Low,0.0,880.0
Female,32,166.0,59.0,Cardio,30.6,Low,0.0,408.0
Female,43,179.0,57.3,Yoga,118.8,High,0.0,1479.0
Male,59,189.0,122.3,Yoga,39.6,Low,0.0,500.0
Male,30,195.0,85.3,Yoga,96.6,High,0.0,1373.0
Female,49,174.0,45.2,Strength,74.4,Medium,0.0,870.0
Male,56,192.0,55.6,Strength,40.8,Low,0.0,458.0
Male,49,195.0,82.8,Yoga,114.6,High,0.0,1503.0
Male,21,166.0,125.2,HIIT,82.8,Medium,0.0,1207.0
Female,47,179.0,58.5,Yoga,85.2,Medium,0.0,837.0
Male,54,195.0,86.1,Yoga,70.2,Low,0.0,811.0
Female,40,161.0,63.5,Cardio,78.6,Medium,0.0,1041.0
Male,56,168.0,69.3,Yoga,39.6,Low,0.0,451.0
Female,32,162.0,70.5,Strength,74.4,Low,0.0,756.0
Female,46,165.0,60.1,Cardio,101.4,High,0.0,1042.0
Male,53,195.0,94.1,HIIT,53.4,Low,0.0,608.0
Female,30,162.0,79.2,Cardio,75.6,Medium,0.0,1046.0
Male,49,191.0,115.3,HIIT,82.8,Low,0.0,854.0
Female,24,179.0,62.9,Cardio,85.2,Medium,0.0,958.0
Male,39,164.0,62.0,Cardio,58.2,Low,0.0,678.0
Male,45,178.0,88.5,HIIT,91.8,High,0.0,1265.0
Female,19,177.0,73.9,Strength,76.8,Medium,0.0,877.0
Male,59,195.0,50.3,Strength,64.2,Low,0.0,885.0
Male,23,180.0,83.1,Strength,42.0,Low,0.0,624.0
Female,45,178.0,65.1,Cardio,87.6,Low,0.0,1038.0
Male,45,179.0,46.6,Yoga,87.6,Medium,0.0,1214.0
Male,37,189.0,103.5,Cardio,32.4,Low,0.0,499.0
Female,47,154.0,61.9,Yoga,117.0,High,0.0,1150.0
Female,28,161.0,52.0,Yoga,79.2,Medium,0.0,1082.0
Male,45,171.0,113.4,Strength,49.8,Low,0.0,530.0
Male,42,198.0,62.9,Yoga,85.2,Medium,0.0,886.0
Female,56,180.0,40.4,Cardio,73.8,Medium,0.0,913.0
Female,50,175.0,67.1,Cardio,40.2,Low,0.0,362.0
Male,18,161.0,70.0,Strength,78.0,Low,0.0,1201.0
Female,44,175.0,69.5,HIIT,61.2,Low,0.0,711.0
Male,30,166.0,107.9,Cardio,64.8,Medium,0.0,832.0
Male,58,191.0,109.0,Yoga,89.4,Medium,0.0,1151.0
Male,20,191.0,101.0,Cardio,81.6,Medium,0.0,1070.0
Male,56,185.0,88.5,Cardio,94.2,High,0.0,1119.0
Male,23,180.0,80.9,Cardio,93.0,High,0.0,1074.0
Female,25,162.0,43.1,HIIT,62.4,Medium,0.0,837.0
Female,44,152.0,59.1,Yoga,94.8,High,0.0,967.0
Female,26,153.0,54.0,Strength,68.4,Low,0.0,844.0
Female,54,178.0,72.3,Cardio,76.2,Low,0.0,852.0
Male,50,198.0,51.1,Yoga,55.2,Low,0.0,574.0
Male,59,172.0,89.4,Yoga,64.8,Low,0.0,813.0
Male,41,180.0,51.5,Strength,65.4,Medium,0.0,680.0
Male,32,188.0,87.9,Cardio,91.2,High,0.0,1195.0
Female,49,152.0,42.0,HIIT,66.0,Low,0.0,644.0
Male,49,172.0,79.2,Yoga,87.6,Low,0.0,925.0
Male,41,171.0,64.8,Strength,72.0,Medium,0.0,778.0
Female,58,178.0,63.0,HIIT,94.8,High,0.0,1095.0
Female,29,177.0,56.2,Yoga,40.8,Low,0.0,418.0
Female,56,164.0,52.9,Cardio,66.0,Medium,0.0,767.0
Female,19,169.0,49.0,Yoga,63.0,Low,0.0,772.0
Male,20,184.0,128.2,HIIT,49.8,Low,0.0,603.0
Male,54,186.0,83.6,HIIT,92.4,High,0.0,1082.0
Female,34,177.0,56.2,Cardio,108.6,High,0.0,1249.0
Male,19,178.0,87.8,Cardio,76.8,Low,0.0,1133.0
Male,19,185.0,85.9,Strength,99.6,High,0.0,1424.0
Male,45,187.0,51.1,Cardio,86.4,Medium,0.0,1126.0
Female,40,171.0,57.4,Strength,112.2,High,0.0,1337.0
Male,54,192.0,114.9,HIIT,72.0,Medium,0.0,802.0
Female,49,166.0,62.1,HIIT,82.2,Medium,0.0,937.0
Male,50,191.0,57.1,Yoga,65.4,Medium,0.0,707.0
Male,18,180.0,68.1,Yoga,66.0,Medium,0.0,926.0
Male,36,165.0,69.2,Strength,73.8,Low,0.0,852.0
Female,19,152.0,65.2,Cardio,73.8,Low,0.0,800.0
Male,43,173.0,108.6,Cardio,79.8,Low,0.0,988.0
Female,49,165.0,40.0,Yoga,61.8,Medium,0.0,686.0
Female,23,158.0,41.9,HIIT,33.6,Low,0.0,370.0
Female,49,152.0,68.3,Strength,87.0,Medium,0.0,979.0
Male,21,160.0,88.4,HIIT,102.6,High,0.0,1138.0
Male,28,190.0,66.0,HIIT,70.8,Low,0.0,1025.0
Male,34,164.0,71.9,Cardio,75.6,Medium,0.0,929.0
Male,55,171.0,75.6,Strength,61.8,Medium,0.0,663.0
Female,41,159.0,63.4,HIIT,110.4,High,0.0,1267.0
Female,22,177.0,71.6,Yoga,89.4,Low,0.0,1177.0
Female,51,177.0,57.4,Yoga,64.8,Medium,0.0,598.0
Male,23,199.0,83.8,Cardio,107.4,High,0.0,1280.0
Female,39,171.0,55.9,Yoga,117.0,High,0.0,1443.0
Male,28,176.0,87.0,Yoga,72.0,Medium,0.0,799.0
Female,33,171.0,65.3,HIIT,70.8,Medium,0.0,796.0
Male,50,167.0,45.4,Yoga,82.2,Medium,0.0,1071.0
Male,26,187.0,87.1,Yoga,102.6,High,0.0,1241.0
Female,23,173.0,78.6,HIIT,88.2,Medium,0.0,1147.0
Female,33,171.0,78.0,Cardio,64.8,Low,0.0,734.0
Female,46,153.0,58.0,Cardio,109.8,High,0.0,1153.0
Female,20,169.0,71.3,Strength,76.8,Medium,0.0,1043.0
Male,37,174.0,49.1,Yoga,66.6,Medium,0.0,842.0
Female,53,165.0,78.3,HIIT,74.4,Low,0.0,703.0
Female,36,164.0,57.3,Strength,67.8,Medium,0.0,887.0
Female,43,161.0,48.4,Cardio,76.8,Low,0.0,732.0
Male,20,162.0,76.4,Cardio,81.0,Medium,0.0,980.0
Male,36,177.0,110.2,HIIT,71.4,Low,0.0,1021.0
Female,37,176.0,72.9,Strength,72.6,Medium,0.0,732.0
Male,49,186.0,82.1,Strength,112.2,High,0.0,1481.0
Female,24,176.0,58.9,HIIT,37.8,Low,0.0,410.0
Male,58,187.0,82.2,HIIT,94.2,High,0.0,1111.0
Male,50,172.0,96.7,Strength,87.6,Medium,0.0,903.0
Male,57,186.0,81.4,Cardio,108.0,High,0.0,1292.0
Male,56,173.0,107.8,Yoga,65.4,Medium,0.0,680.0
Female,35,162.0,65.8,Cardio,60.0,Medium,0.0,790.0
Female,57,156.0,68.5,HIIT,87.0,Medium,0.0,900.0
Female,18,159.0,63.9,Strength,112.2,High,0.0,1169.0
Male,28,162.0,76.3,Strength,69.6,Medium,0.0,1034.0
Female,45,165.0,44.5,Yoga,86.4,Low,0.0,959.0
Female,42,175.0,50.7,Strength,77.4,Medium,0.0,940.0
Female,40,161.0,55.1,Yoga,93.0,High,0.0,1224.0
Male,48,161.0,73.7,Cardio,81.6,Medium,0.0,815.0
Male,47,177.0,55.6,Cardio,72.0,Medium,0.0,820.0
Male,59,176.0,86.9,Strength,67.8,Medium,0.0,688.0
Female,52,168.0,60.3,Strength,96.0,High,0.0,900.0
Female,24,164.0,40.4,HIIT,59.4,Low,0.0,832.0
Female,33,166.0,78.5,HIIT,77.4,Medium,0.0,1006.0
Male,43,172.0,102.6,Strength,49.2,Low,0.0,597.0
Male,19,191.0,110.8,Strength,78.6,Low,0.0,1074.0
Female,18,179.0,60.9,Cardio,66.6,Low,0.0,699.0
Male,29,161.0,55.7,Strength,84.6,Low,0.0,993.0
Male,22,192.0,110.5,HIIT,69.6,Medium,0.0,919.0
Male,54,171.0,55.2,Cardio,46.2,Low,0.0,579.0
Male,49,172.0,46.5,Yoga,84.0,Medium,0.0,832.0
Female,26,166.0,70.9,HIIT,48.6,Low,0.0,506.0
Male,58,175.0,74.6,HIIT,65.4,Low,0.0,739.0
Male,52,172.0,45.1,Cardio,55.8,Low,0.0,594.0
Male,36,199.0,99.9,Yoga,79.8,Low,0.0,1075.0
Male,33,161.0,117.0,HIIT,62.4,Medium,0.0,744.0
Female,20,173.0,75.9,Strength,83.4,Medium,0.0,1056.0
Female,37,164.0,71.2,HIIT,66.6,Medium,0.0,666.0
Male,41,172.0,78.8,Cardio,60.6,Medium,0.0,660.0
Male,50,169.0,50.6,Cardio,78.6,Low,0.0,1012.0
Male,41,179.0,82.5,Cardio,101.4,High,0.0,1163.0
Male,28,179.0,108.5,HIIT,79.8,Medium,0.0,878.0
Male,25,198.0,49.9,Yoga,69.0,Medium,0.0,772.0
Male,53,191.0,125.1,Strength,31.2,Low,0.0,353.0
Female,55,166.0,79.7,Cardio,63.6,Low,0.0,763.0
Male,57,163.0,126.8,Yoga,57.6,Low,0.0,632.0
Female,37,157.0,54.6,Strength,78.6,Low,0.0,982.0
Female,52,154.0,47.8,Cardio,80.4,Medium,0.0,880.0
Male,42,191.0,97.9,Strength,60.6,Medium,0.0,680.0
Female,52,154.0,63.1,Strength,81.6,Medium,0.0,1010.0
Female,42,169.0,72.4,Yoga,64.2,Medium,0.0,713.0
Female,46,170.0,58.9,Strength,91.2,High,0.0,1060.0
Female,35,160.0,50.4,Cardio,61.8,Medium,0.0,803.0
Female,35,159.0,64.2,Yoga,97.8,High,0.0,1182.0
Female,19,177.0,58.8,HIIT,84.0,Low,0.0,952.0
Male,52,162.0,105.2,HIIT,81.6,Low,0.0,949.0
Female,33,150.0,45.9,Yoga,55.2,Low,0.0,662.0
Female,58,163.0,65.2,HIIT,67.2,Medium,0.0,610.0
Female,53,179.0,56.3,Strength,91.2,High,0.0,964.0
Male,50,170.0,90.0,Cardio,48.6,Low,0.0,497.0
Female,21,170.0,60.0,Strength,118.2,High,0.0,1212.0
Male,50,171.0,51.5,Yoga,88.8,Low,0.0,1136.0
Female,31,164.0,63.1,Cardio,92.4,High,0.0,962.0
Male,38,177.0,91.5,Yoga,48.0,Low,0.0,616.0
Male,37,167.0,48.7,Yoga,83.4,Low,0.0,1009.0
Female,25,156.0,57.8,Yoga,81.0,Medium,0.0,1053.0
Female,24,175.0,42.0,Strength,49.8,Low,0.0,598.0
Male,20,192.0,128.4,Cardio,37.8,Low,0.0,502.0
Female,34,157.0,74.2,Cardio,88.2,Low,0.0,1161.0
Male,50,168.0,89.6,Cardio,107.4,High,0.0,1232.0
Male,29,200.0,125.9,Strength,81.6,Medium,0.0,1137.0
Male,39,199.0,105.5,HIIT,48.6,Low,0.0,593.0
Male,39,170.0,93.4,Strength,66.0,Medium,0.0,938.0
Male,47,184.0,82.1,Strength,82.2,Medium,0.0,922.0
Female,55,169.0,42.9,Yoga,54.0,Low,0.0,567.0
Male,55,168.0,128.4,Cardio,67.8,Medium,0.0,923.0
Male,25,196.0,112.4,Cardio,85.2,Low,0.0,1054.0
Female,44,179.0,77.7,HIIT,84.6,Low,0.0,1047.0
Male,44,199.0,89.3,HIIT,84.0,Medium,0.0,936.0
Female,51,155.0,70.3,Yoga,84.0,Low,0.0,876.0
Female,38,172.0,59.1,Cardio,64.2,Medium,0.0,792.0
Female,47,169.0,49.9,HIIT,88.8,Medium,0.0,979.0
Male,50,167.0,101.7,HIIT,31.8,Low,0.0,333.0
Male,45,191.0,93.0,Cardio,61.8,Medium,0.0,729.0
Male,50,160.0,87.4,Strength,46.2,Low,0.0,465.0
Female,22,161.0,55.1,HIIT,97.2,High,0.0,1166.0
Male,36,169.0,123.7,Cardio,78.0,Medium,0.0,987.0
Female,21,157.0,61.3,HIIT,116.4,High,0.0,1474.0
Male,52,194.0,72.3,Yoga,87.6,Medium,0.0,874.0
Female,34,153.0,69.2,HIIT,81.6,Low,0.0,911.0
Male,45,161.0,81.4,Cardio,68.4,Medium,0.0,796.0
Male,47,186.0,84.8,HIIT,111.0,High,0.0,1181.0
Male,46,172.0,55.1,Yoga,85.8,Medium,0.0,970.0
Female,23,178.0,59.0,Yoga,100.2,High,0.0,1177.0
Female,52,151.0,64.9,HIIT,109.8,High,0.0,1359.0
Male,58,175.0,109.7,HIIT,60.6,Low,0.0,840.0
Male,54,190.0,78.4,Yoga,48.6,Low,0.0,585.0
Female,41,179.0,76.7,Yoga,84.0,Medium,0.0,832.0
Female,46,161.0,63.1,Strength,60.0,Medium,0.0,684.0
Female,48,158.0,62.9,Strength,118.8,High,0.0,1105.0
Male,52,174.0,85.6,Yoga,110.4,High,0.0,1321.0
Female,50,157.0,66.3,HIIT,75.0,Low,0.0,742.0
Male,38,197.0,61.3,Cardio,82.2,Low,0.0,1100.0
Female,49,165.0,44.1,HIIT,69.6,Medium,0.0,694.0
Male,40,162.0,63.8,HIIT,78.0,Low,0.0,1022.0
Female,50,155.0,55.4,Strength,111.0,High,0.0,1016.0
Female,20,158.0,74.7,Strength,62.4,Medium,0.0,863.0
Female,35,167.0,78.0,Strength,67.8,Medium,0.0,949.0
Female,42,167.0,57.5,Yoga,68.4,Low,0.0,764.0
Female,59,173.0,60.7,Yoga,61.8,Medium,0.0,714.0
Male,48,174.0,69.0,HIIT,88.8,Medium,0.0,1223.0
Female,20,178.0,75.8,HIIT,85.2,Medium,0.0,944.0
Female,57,163.0,75.7,Cardio,41.4,Low,0.0,407.0
Female,41,164.0,71.2,HIIT,85.2,Medium,0.0,939.0
Male,49,168.0,85.0,HIIT,109.2,High,0.0,1468.0
Female,39,156.0,63.6,Strength,73.2,Low,0.0,903.0
Male,40,194.0,73.2,Strength,48.6,Low,0.0,722.0
Female,19,152.0,48.3,Strength,57.6,Low,0.0,653.0
Female,44,178.0,42.8,Strength,89.4,Medium,0.0,1066.0
Male,59,176.0,88.1,Strength,81.0,Medium,0.0,1123.0
Female,19,175.0,72.4,Cardio,72.0,Medium,0.0,840.0
Male,43,188.0,73.2,Cardio,70.2,Low,0.0,822.0
Male,34,186.0,110.5,Cardio,85.2,Low,0.0,1086.0
Female,57,176.0,46.1,Strength,86.4,Medium,0.0,842.0
Male,50,171.0,90.8,Yoga,64.2,Medium,0.0,810.0
Female,26,151.0,59.3,Strength,102.0,High,0.0,1096.0
Female,56,173.0,45.1,Strength,49.8,Low,0.0,482.0
Male,46,177.0,45.0,Cardio,88.8,Medium,0.0,1187.0
Male,59,162.0,89.4,Strength,85.8,Medium,0.0,885.0
Male,43,169.0,127.7,Cardio,68.4,Medium,0.0,875.0
Male,52,172.0,70.9,Strength,78.6,Medium,0.0,927.0
Female,42,150.0,49.2,HIIT,69.0,Medium,0.0,678.0
Female,41,179.0,62.3,Yoga,119.4,High,0.0,1451.0
Male,30,187.0,64.1,Yoga,38.4,Low,0.0,500.0
Female,24,175.0,69.7,Cardio,84.6,Low,0.0,1029.0
Female,53,159.0,56.9,HIIT,89.4,Medium,0.0,1100.0
Female,37,171.0,53.0,Yoga,67.8,Medium,0.0,881.0
Female,18,155.0,72.7,Cardio,50.4,Low,0.0,525.0
Male,25,196.0,76.5,Strength,40.2,Low,0.0,442.0
Male,33,199.0,113.6,Strength,82.8,Low,0.0,949.0
Female,31,162.0,62.5,HIIT,93.6,High,0.0,1318.0
Male,29,186.0,95.2,Yoga,38.4,Low,0.0,496.0
Male,40,182.0,51.7,Strength,54.0,Low,0.0,792.0
Male,32,167.0,105.3,Cardio,34.2,Low,0.0,448.0
Female,45,168.0,71.2,Strength,82.2,Low,0.0,888.0
Female,51,151.0,78.1,Strength,55.2,Low,0.0,555.0
Female,19,168.0,50.6,Yoga,72.6,Medium,0.0,877.0
Male,49,189.0,70.2,Yoga,42.0,Low,0.0,440.0
Female,40,153.0,62.6,Cardio,115.8,High,0.0,1380.0
Female,39,165.0,60.6,HIIT,55.2,Low,0.0,768.0
Male,42,197.0,76.4,HIIT,68.4,Medium,0.0,886.0
Female,39,171.0,63.3,Strength,112.8,High,0.0,1175.0
Female,39,164.0,68.6,Cardio,79.8,Medium,0.0,1024.0
Male,59,188.0,123.3,HIIT,78.0,Medium,0.0,1036.0
Male,23,194.0,107.0,HIIT,81.0,Low,0.0,891.0
Male,32,192.0,68.3,Strength,85.2,Low,0.0,1289.0
Female,54,160.0,47.8,Cardio,71.4,Medium,0.0,830.0
Female,50,179.0,58.4,HIIT,96.0,High,0.0,943.0
Female,25,171.0,74.3,Yoga,85.8,Medium,0.0,1123.0
Male,22,182.0,106.8,Yoga,60.0,Medium,0.0,715.0
Male,56,180.0,125.5,Strength,75.6,Medium,0.0,817.0
Female,21,155.0,55.2,Strength,82.2,Medium,0.0,1103.0
Female,23,172.0,71.4,Strength,75.0,Low,0.0,1056.0
Male,49,161.0,77.7,Strength,61.8,Medium,0.0,806.0
Male,47,160.0,88.4,HIIT,111.6,High,0.0,1160.0
Male,52,199.0,104.8,Cardio,55.8,Low,0.0,598.0
Male,57,169.0,82.2,Strength,69.0,Medium,0.0,882.0
Female,33,175.0,68.2,Strength,51.0,Low,0.0,638.0
Male,30,199.0,91.4,HIIT,82.2,Medium,0.0,1145.0
Female,59,165.0,42.1,Strength,73.2,Low,0.0,725.0
Female,47,176.0,68.7,Strength,82.2,Medium,0.0,845.0
Female,36,174.0,47.2,Cardio,90.0,Medium,0.0,1200.0
Male,34,176.0,92.0,Yoga,43.8,Low,0.0,574.0
Male,36,195.0,56.2,Strength,65.4,Medium,0.0,767.0
Male,45,172.0,58.4,HIIT,78.6,Medium,0.0,973.0
Male,43,195.0,82.9,Cardio,114.0,High,0.0,1505.0
Female,54,174.0,66.9,HIIT,74.4,Low,0.0,720.0
Male,43,185.0,66.3,Cardio,70.8,Low,0.0,707.0
Male,40,193.0,93.6,Cardio,82.8,Low,0.0,1192.0
Female,26,150.0,64.1,Strength,115.8,High,0.0,1293.0
Male,29,162.0,86.7,Strength,91.2,High,0.0,1020.0
Female,18,159.0,62.0,Strength,73.8,Medium,0.0,996.0
Female,18,161.0,58.1,Yoga,114.0,High,0.0,1425.0
Female,51,160.0,64.9,Yoga,89.4,Medium,0.0,838.0
Female,49,162.0,69.3,HIIT,68.4,Medium,0.0,626.0
Female,42,174.0,42.7,Strength,62.4,Low,0.0,608.0
Female,57,163.0,51.4,Yoga,72.0,Medium,0.0,724.0
Female,18,160.0,67.4,Strength,36.0,Low,0.0,492.0
Female,33,161.0,55.6,Yoga,106.2,High,0.0,1301.0
Male,56,186.0,125.3,Yoga,60.0,Medium,0.0,639.0
Male,22,185.0,102.1,Cardio,88.8,Medium,0.0,1278.0
Male,39,177.0,61.9,Strength,79.2,Low,0.0,1205.0
Male,46,164.0,108.8,Strength,84.0,Low,0.0,1171.0
Female,20,158.0,51.1,Yoga,30.0,Low,0.0,422.0
Male,29,199.0,81.7,Strength,87.0,Low,0.0,1005.0
Female,43,166.0,42.7,Yoga,43.8,Low,0.0,440.0
Male,33,199.0,81.8,Strength,95.4,High,0.0,1198.0
Male,54,176.0,54.6,Cardio,76.8,Medium,0.0,868.0
Male,39,188.0,107.7,Strength,43.2,Low,0.0,634.0
Female,46,160.0,56.9,Cardio,52.8,Low,0.0,566.0
Male,31,171.0,78.8,HIIT,89.4,Medium,0.0,992.0
Female,45,164.0,48.2,Strength,75.0,Medium,0.0,894.0
Female,22,159.0,50.7,Strength,76.2,Medium,0.0,883.0
Male,47,199.0,86.6,Strength,118.8,High,0.0,1500.0
Male,22,163.0,96.3,Cardio,81.0,Medium,0.0,1203.0
Male,29,198.0,80.8,Strength,99.0,High,0.0,1316.0
Female,33,153.0,58.0,Strength,110.4,High,0.0,1159.0
Male,43,185.0,95.9,Yoga,76.8,Low,0.0,995.0
Female,43,158.0,61.5,HIIT,111.6,High,0.0,1247.0
Female,38,179.0,40.6,Cardio,37.2,Low,0.0,499.0
Male,56,187.0,82.5,Yoga,90.6,High,0.0,927.0
Male,53,184.0,105.1,Cardio,41.4,Low,0.0,444.0
Female,50,158.0,58.1,Yoga,115.8,High,0.0,1042.0
Female,47,176.0,61.0,HIIT,92.4,High,0.0,1060.0
Female,54,153.0,64.5,Yoga,104.4,High,0.0,940.0
Male,40,198.0,58.2,Cardio,85.8,Medium,0.0,1085.0
Female,27,176.0,69.5,Strength,56.4,Low,0.0,569.0
Male,22,184.0,62.2,Strength,30.6,Low,0.0,393.0
Female,53,170.0,68.0,HIIT,63.6,Medium,0.0,663.0
Female,51,150.0,56.3,Cardio,85.8,Low,0.0,914.0
Male,48,170.0,94.5,Cardio,60.6,Medium,0.0,700.0
Female,27,179.0,58.0,Cardio,83.4,Low,0.0,994.0
Male,36,194.0,84.0,HIIT,108.0,High,0.0,1218.0
Male,49,187.0,61.0,Strength,68.4,Medium,0.0,739.0
Female,18,153.0,64.8,Yoga,118.8,High,0.0,1396.0
Male,22,177.0,45.7,HIIT,62.4,Low,0.0,795.0
Male,21,190.0,80.9,Yoga,108.0,High,0.0,1356.0
Female,33,163.0,64.1,Strength,94.8,High,0.0,948.0
Male,41,177.0,67.0,HIIT,73.2,Medium,0.0,900.0
Male,33,160.0,106.5,Strength,84.0,Medium,0.0,1170.0
Male,19,185.0,95.1,Yoga,72.6,Medium,0.0,952.0
Female,45,157.0,65.5,Cardio,39.6,Low,0.0,395.0
Male,49,164.0,105.7,Cardio,72.0,Medium,0.0,921.0
Female,44,176.0,48.0,Yoga,52.8,Low,0.0,491.0
Female,37,150.0,69.5,Cardio,41.4,Low,0.0,448.0
Male,41,169.0,66.1,Yoga,46.2,Low,0.0,545.0
Male,29,170.0,68.0,HIIT,45.6,Low,0.0,627.0
Male,52,178.0,50.3,HIIT,51.0,Low,0.0,555.0
Female,50,168.0,69.3,HIIT,72.0,Low,0.0,729.0
Male,50,163.0,86.7,Cardio,102.0,High,0.0,1203.0
Male,54,194.0,125.9,Strength,81.0,Medium,0.0,882.0
Male,29,193.0,88.1,Cardio,112.8,High,0.0,1479.0
Male,20,182.0,124.3,Cardio,75.0,Medium,0.0,997.0
Male,18,185.0,62.0,Strength,52.8,Low,0.0,586.0
Female,50,172.0,69.7,Strength,74.4,Medium,0.0,753.0
Female,57,152.0,60.9,Strength,78.6,Medium,0.0,926.0
Male,27,197.0,76.5,Strength,67.8,Low,0.0,1025.0
Male,46,182.0,94.7,Cardio,88.2,Medium,0.0,873.0
Male,30,175.0,67.9,Yoga,75.0,Low,0.0,1155.0
Male,29,187.0,121.1,HIIT,78.6,Medium,0.0,937.0
Female,48,164.0,71.5,Yoga,87.6,Medium,0.0,1012.0
Male,19,170.0,98.6,Cardio,49.8,Low,0.0,740.0
Female,52,163.0,68.2,Strength,70.2,Low,0.0,779.0
Female,40,169.0,57.7,HIIT,70.8,Medium,0.0,920.0
Male,34,163.0,124.6,HIIT,84.6,Medium,0.0,1055.0
Female,43,159.0,73.0,Yoga,78.6,Low,0.0,931.0
Female,25,151.0,59.4,Cardio,97.2,High,0.0,1304.0
Female,46,165.0,52.0,Cardio,42.0,Low,0.0,463.0
Female,43,165.0,42.2,Cardio,79.8,Medium,0.0,886.0
Male,27,164.0,89.3,HIIT,109.2,High,0.0,1622.0
Male,43,176.0,110.0,Yoga,65.4,Low,0.0,658.0
Female,51,158.0,66.2,HIIT,51.6,Low,0.0,499.0
Male,58,166.0,58.6,HIIT,72.6,Low,0.0,964.0
Male,24,167.0,51.0,Strength,58.2,Low,0.0,710.0
Male,21,195.0,101.5,Yoga,58.2,Low,0.0,699.0
Male,28,187.0,114.2,Strength,63.0,Medium,0.0,959.0
Male,46,172.0,54.4,Cardio,54.6,Low,0.0,725.0
Female,53,157.0,52.4,HIIT,80.4,Medium,0.0,898.0
Male,42,181.0,85.2,Yoga,92.4,High,0.0,1151.0
Male,38,174.0,83.6,Cardio,99.6,High,0.0,1379.0
Male,53,192.0,115.4,Yoga,81.6,Medium,0.0,1084.0
Male,27,197.0,71.2,HIIT,44.4,Low,0.0,615.0
Female,54,160.0,78.1,Yoga,66.0,Medium,0.0,718.0
Female,26,165.0,54.2,Cardio,64.2,Medium,0.0,642.0
Female,41,176.0,77.6,Strength,76.2,Medium,0.0,920.0
Female,52,162.0,44.1,HIIT,84.6,Low,0.0,768.0
Male,52,180.0,85.5,Strength,102.0,High,0.0,1144.0
Female,53,176.0,47.8,HIIT,63.6,Medium,0.0,711.0
Male,35,194.0,102.5,Cardio,50.4,Low,0.0,730.0
Male,56,190.0,118.0,HIIT,39.6,Low,0.0,412.0
Male,49,184.0,82.3,Strength,77.4,Medium,0.0,932.0
Male,41,187.0,81.6,HIIT,112.2,High,0.0,1185.0
Male,40,188.0,60.2,Cardio,73.2,Medium,0.0,946.0
Female,49,154.0,49.2,HIIT,76.8,Medium,0.0,881.0
Female,54,150.0,46.6,Strength,82.8,Low,0.0,1025.0
Female,29,172.0,68.7,Cardio,64.8,Medium,0.0,907.0
Female,30,155.0,60.6,Strength,78.0,Medium,0.0,780.0
Male,40,161.0,52.1,HIIT,52.2,Low,0.0,612.0
Female,42,177.0,46.6,Yoga,36.6,Low,0.0,382.0
Male,52,174.0,65.5,Strength,88.8,Medium,0.0,1011.0
Female,58,157.0,44.2,HIIT,64.8,Low,0.0,753.0
Male,47,184.0,89.1,Yoga,86.4,Medium,0.0,1133.0
Male,34,162.0,65.9,Yoga,48.6,Low,0.0,731.0
Female,37,157.0,55.6,Cardio,58.2,Low,0.0,597.0
Male,42,198.0,63.7,Yoga,82.2,Low,0.0,868.0
Male,39,182.0,86.2,Strength,117.6,High,0.0,1725.0
Female,30,163.0,59.2,Strength,111.0,High,0.0,1304.0
Male,36,188.0,85.4,Yoga,118.8,High,0.0,1492.0
Female,53,155.0,68.1,HIIT,84.6,Medium,0.0,831.0
Female,29,162.0,60.0,Strength,51.0,Low,0.0,684.0
Female,58,169.0,74.8,Strength,76.8,Medium,0.0,933.0
Male,36,165.0,90.3,Cardio,82.8,Medium,0.0,1199.0
Male,29,165.0,86.1,HIIT,99.6,High,0.0,1169.0
Male,26,166.0,73.7,Yoga,55.8,Low,0.0,639.0
Female,24,156.0,67.7,HIIT,85.2,Medium,0.0,980.0
Male,45,196.0,78.3,Cardio,77.4,Low,0.0,1066.0
Female,31,165.0,48.2,Cardio,66.0,Low,0.0,913.0
Female,48,151.0,56.8,HIIT,82.2,Medium,0.0,777.0
Male,36,163.0,112.4,Cardio,61.2,Medium,0.0,757.0
Female,33,167.0,59.0,Cardio,54.0,Low,0.0,558.0
Male,22,188.0,98.4,Cardio,31.2,Low,0.0,386.0
Male,52,160.0,66.5,HIIT,80.4,Medium,0.0,796.0
Male,29,181.0,106.5,Cardio,77.4,Medium,0.0,1107.0
Male,42,193.0,88.4,Yoga,100.8,High,0.0,1314.0
Male,38,179.0,88.4,Yoga,104.4,High,0.0,1321.0
Female,53,174.0,53.3,Strength,82.2,Medium,0.0,962.0
Female,40,156.0,58.1,Yoga,36.6,Low,0.0,415.0
Female,33,176.0,74.2,Strength,69.0,Medium,0.0,834.0
Male,56,163.0,84.6,HIIT,60.6,Medium,0.0,705.0
Male,59,192.0,78.0,Cardio,43.2,Low,0.0,453.0
Male,56,168.0,89.0,Yoga,106.2,High,0.0,1332.0
Female,31,176.0,42.7,Strength,87.6,Low,0.0,883.0
Male,48,182.0,83.9,HIIT,114.0,High,0.0,1401.0
Female,22,152.0,78.7,Strength,87.0,Medium,0.0,1204.0
Female,52,152.0,65.9,Cardio,76.2,Medium,0.0,794.0
Male,40,192.0,76.9,Yoga,67.8,Medium,0.0,851.0
Male,46,200.0,84.3,HIIT,109.8,High,0.0,1467.0
Female,28,160.0,62.4,Strength,66.0,Medium,0.0,710.0
Male,35,174.0,63.7,HIIT,61.8,Medium,0.0,810.0
Female,29,152.0,54.9,Strength,88.8,Low,0.0,910.0
Male,26,179.0,76.4,Strength,70.2,Medium,0.0,1004.0
Male,27,186.0,106.4,Cardio,80.4,Low,0.0,907.0
Female,34,150.0,68.4,Cardio,82.2,Medium,0.0,904.0
Male,55,186.0,63.5,Strength,81.6,Medium,0.0,969.0
Female,24,150.0,59.4,Yoga,75.0,Medium,0.0,825.0
Male,30,191.0,113.4,HIIT,76.2,Low,0.0,957.0
Female,57,152.0,61.9,HIIT,55.2,Low,0.0,592.0
Female,59,168.0,70.7,Cardio,70.2,Medium,0.0,637.0
Male,26,190.0,111.5,Yoga,61.2,Low,0.0,937.0
Female,44,166.0,72.1,Strength,84.0,Low,0.0,958.0
Male,19,187.0,56.9,Cardio,36.6,Low,0.0,463.0
Male,22,190.0,86.2,Strength,114.6,High,0.0,1345.0
Male,46,168.0,59.4,Strength,69.6,Medium,0.0,844.0
Female,54,172.0,75.6,Cardio,58.2,Low,0.0,672.0
Female,55,173.0,76.3,Yoga,64.8,Low,0.0,768.0
Male,36,186.0,95.8,HIIT,82.2,Low,0.0,972.0
Male,25,183.0,120.6,Cardio,62.4,Medium,0.0,686.0
Female,18,155.0,65.3,Yoga,85.2,Medium,0.0,1143.0
Male,39,189.0,85.3,Strength,46.2,Low,0.0,593.0
Male,34,168.0,68.0,Cardio,40.2,Low,0.0,472.0
Female,24,157.0,52.6,HIIT,77.4,Low,0.0,1071.0
Male,42,177.0,63.3,HIIT,79.2,Medium,0.0,876.0
Female,21,165.0,76.3,Strength,68.4,Medium,0.0,878.0
Male,53,163.0,61.0,Cardio,32.4,Low,0.0,331.0
Female,23,161.0,67.8,HIIT,80.4,Low,0.0,1072.0
Male,48,186.0,114.9,Cardio,81.6,Low,0.0,949.0
Male,36,171.0,88.0,HIIT,112.2,High,0.0,1646.0
Female,56,158.0,67.7,Strength,87.0,Low,0.0,927.0
Male,44,185.0,124.8,Strength,81.0,Medium,0.0,842.0
Female,27,158.0,53.0,Cardio,75.6,Medium,0.0,895.0
Male,43,188.0,61.2,Yoga,61.8,Low,0.0,831.0
Female,36,168.0,48.7,Yoga,73.8,Low,0.0,886.0
Female,56,170.0,50.6,Strength,77.4,Low,0.0,848.0
Female,20,173.0,72.6,HIIT,76.2,Medium,0.0,1016.0
Female,30,156.0,70.4,Yoga,61.8,Medium,0.0,644.0
Male,45,188.0,52.5,Strength,64.8,Medium,0.0,818.0
Male,37,177.0,76.3,HIIT,81.6,Medium,0.0,957.0
Female,45,158.0,41.2,HIIT,88.2,Low,0.0,1111.0
Female,25,176.0,55.3,Yoga,93.6,High,0.0,1186.0
Female,58,167.0,49.7,Strength,82.8,Medium,0.0,776.0
Male,56,187.0,48.3,HIIT,40.8,Low,0.0,525.0
Male,18,196.0,83.2,HIIT,109.8,High,0.0,1510.0
Male,20,173.0,120.5,Cardio,60.6,Medium,0.0,850.0
Male,30,200.0,121.6,Cardio,74.4,Medium,0.0,1091.0
Female,45,175.0,73.0,Yoga,68.4,Medium,0.0,759.0
Female,42,167.0,57.5,Cardio,105.6,High,0.0,1053.0
Female,50,153.0,42.7,Strength,84.6,Medium,0.0,983.0
Male,55,173.0,129.9,Yoga,41.4,Low,0.0,529.0
Male,23,192.0,108.6,Yoga,53.4,Low,0.0,656.0
Male,49,200.0,88.6,Cardio,109.8,High,0.0,1150.0
Female,38,151.0,49.7,HIIT,75.0,Low,0.0,906.0
Female,33,154.0,56.4,Strength,63.6,Low,0.0,822.0
Male,38,174.0,46.9,Strength,61.8,Medium,0.0,946.0
Female,28,167.0,71.3,Strength,87.6,Medium,0.0,1022.0
Male,54,186.0,71.6,Yoga,68.4,Medium,0.0,830.0
Male,53,161.0,82.3,Strength,112.2,High,0.0,1139.0
Female,52,169.0,70.6,HIIT,81.6,Low,0.0,826.0
Male,36,162.0,109.8,HIIT,50.4,Low,0.0,651.0
Female,37,169.0,73.5,Cardio,32.4,Low,0.0,354.0
Male,35,185.0,85.6,Strength,106.8,High,0.0,1322.0
Female,58,168.0,74.6,Yoga,61.8,Medium,0.0,737.0
Female,31,180.0,63.2,Cardio,35.4,Low,0.0,463.0
Female,32,163.0,62.6,HIIT,100.2,High,0.0,1344.0
Male,48,176.0,87.1,Strength,108.6,High,0.0,1398.0
Male,18,184.0,82.3,HIIT,103.8,High,0.0,1408.0
Female,20,178.0,64.3,Cardio,102.6,High,0.0,1171.0
Female,33,166.0,53.7,HIIT,75.0,Low,0.0,806.0
Male,40,200.0,63.0,Strength,85.2,Medium,0.0,1257.0
Male,28,186.0,128.4,Strength,63.6,Medium,0.0,921.0
Male,29,189.0,88.0,Cardio,105.0,High,0.0,1319.0
Female,27,152.0,63.7,Strength,71.4,Medium,0.0,714.0
Male,49,187.0,83.7,HIIT,77.4,Medium,0.0,1009.0
Male,33,175.0,102.6,HIIT,84.0,Medium,0.0,1078.0
Female,25,155.0,77.7,Yoga,33.0,Low,0.0,330.0
Male,55,188.0,87.5,Yoga,71.4,Medium,0.0,789.0
Male,29,186.0,87.0,Yoga,91.2,High,0.0,1028.0
Male,41,166.0,82.8,HIIT,118.2,High,0.0,1355.0
Female,45,168.0,65.4,HIIT,45.6,Low,0.0,441.0
Female,25,171.0,47.2,Cardio,53.4,Low,0.0,632.0
Female,45,170.0,58.2,Yoga,57.0,Low,0.0,684.0
Female,53,155.0,73.5,HIIT,70.2,Medium,0.0,806.0
Female,43,173.0,55.2,Cardio,100.2,High,0.0,1240.0
Female,25,171.0,64.4,HIIT,67.2,Low,0.0,935.0
Female,45,174.0,73.5,Cardio,70.8,Medium,0.0,807.0
Male,45,181.0,89.6,Yoga,102.0,High,0.0,1287.0
Male,54,176.0,86.5,Yoga,88.8,Medium,0.0,1158.0
Female,58,167.0,46.1,Yoga,76.8,Medium,0.0,743.0
Male,53,197.0,68.5,HIIT,78.0,Medium,0.0,894.0
Male,44,184.0,94.6,HIIT,75.6,Medium,0.0,748.0
Female,34,152.0,54.2,Cardio,67.8,Low,0.0,746.0
Male,26,177.0,47.7,Strength,69.0,Medium,0.0,759.0
Male,50,184.0,52.2,Strength,82.8,Medium,0.0,847.0
Male,37,195.0,88.8,Yoga,94.8,High,0.0,1173.0
Male,30,168.0,101.0,Strength,87.6,Medium,0.0,1076.0
Male,45,195.0,118.4,Yoga,63.6,Medium,0.0,881.0
Female,46,172.0,47.9,Cardio,84.6,Low,0.0,933.0
Female,30,174.0,51.5,Strength,64.8,Medium,0.0,810.0
Female,52,151.0,79.9,Strength,45.0,Low,0.0,479.0
Male,23,185.0,121.3,Yoga,43.2,Low,0.0,661.0
Female,35,164.0,78.9,Cardio,76.8,Medium,0.0,1050.0
Male,22,162.0,88.5,Strength,112.8,High,0.0,1675.0
Male,42,163.0,73.5,Strength,31.2,Low,0.0,350.0
Male,19,193.0,127.9,Strength,76.2,Medium,0.0,1173.0
Male,27,198.0,88.5,Cardio,108.0,High,0.0,1515.0
Female,47,162.0,43.4,Cardio,30.6,Low,0.0,303.0
Female,22,156.0,42.8,Strength,88.2,Medium,0.0,978.0
Male,50,179.0,64.5,Yoga,70.2,Medium,0.0,753.0
Female,18,153.0,50.7,Yoga,77.4,Medium,0.0,948.0
Male,35,166.0,59.2,Strength,78.0,Low,0.0,1151.0
Female,49,173.0,78.9,Cardio,82.8,Low,0.0,938.0
Female,28,163.0,78.7,Strength,66.0,Medium,0.0,847.0
Male,38,192.0,68.7,Cardio,78.6,Medium,0.0,1081.0
Female,43,159.0,53.1,Strength,49.2,Low,0.0,502.0
Male,42,165.0,64.8,Cardio,66.0,Medium,0.0,904.0
Female,39,161.0,50.3,HIIT,70.2,Low,0.0,749.0
Male,44,163.0,102.3,Yoga,80.4,Medium,0.0,856.0
Male,30,192.0,62.9,HIIT,67.8,Low,0.0,789.0
Female,50,160.0,56.5,Yoga,112.8,High,0.0,1184.0
Female,51,155.0,74.6,Cardio,42.6,Low,0.0,422.0
Male,58,179.0,52.0,HIIT,67.2,Low,0.0,937.0
Female,52,167.0,52.1,Yoga,90.0,Low,0.0,837.0
Female,18,154.0,72.2,Strength,58.2,Low,0.0,606.0
Male,38,180.0,85.8,Cardio,103.2,High,0.0,1410.0
Male,23,185.0,81.4,Cardio,96.0,High,0.0,1320.0
Female,45,165.0,50.9,Strength,87.0,Low,0.0,887.0
Male,34,178.0,52.0,Strength,82.8,Medium,0.0,987.0
Male,22,193.0,71.0,Yoga,85.2,Medium,0.0,1086.0
Male,48,177.0,80.6,Cardio,90.6,High,0.0,1248.0
Female,22,172.0,58.3,Yoga,60.0,Medium,0.0,640.0
Female,55,170.0,63.0,Strength,79.2,Low,0.0,719.0
Male,20,194.0,111.0,Cardio,61.2,Medium,0.0,875.0
Female,40,166.0,52.6,Strength,76.2,Medium,0.0,762.0
Male,54,200.0,116.4,Yoga,67.8,Low,0.0,688.0
Female,54,161.0,75.6,Yoga,84.6,Medium,0.0,983.0
Male,27,180.0,61.6,Yoga,88.8,Low,0.0,1172.0
Male,27,180.0,108.0,Cardio,82.8,Medium,0.0,926.0
Female,36,175.0,59.3,Strength,59.4,Low,0.0,634.0
Male,34,194.0,75.7,Strength,70.8,Medium,0.0,915.0
Female,38,160.0,56.3,Yoga,72.6,Medium,0.0,859.0
Female,31,173.0,58.2,Yoga,70.2,Medium,0.0,766.0
Male,26,168.0,55.7,Yoga,67.8,Low,0.0,802.0
Male,18,167.0,125.9,Yoga,87.6,Medium,0.0,1229.0
Female,30,167.0,62.7,HIIT,61.2,Medium,0.0,826.0
Male,21,186.0,86.6,HIIT,82.2,Medium,0.0,972.0
Male,18,182.0,64.5,HIIT,72.0,Medium,0.0,983.0
Male,57,186.0,76.6,Yoga,68.4,Medium,0.0,796.0
Male,49,183.0,81.4,Yoga,118.8,High,0.0,1225.0
Male,51,171.0,60.7,Strength,68.4,Low,0.0,954.0
Female,45,155.0,57.2,Cardio,100.2,High,0.0,909.0
Female,48,159.0,73.0,Strength,71.4,Medium,0.0,798.0
Male,25,199.0,123.8,HIIT,67.8,Low,0.0,752.0
Male,56,166.0,93.6,Strength,82.2,Low,0.0,1024.0
Male,43,192.0,76.8,Yoga,74.4,Low,0.0,988.0
Female,51,153.0,54.7,HIIT,66.6,Medium,0.0,674.0
Male,20,194.0,92.3,HIIT,68.4,Medium,0.0,821.0
Female,29,155.0,71.8,Cardio,72.0,Medium,0.0,720.0
Female,18,157.0,66.9,Cardio,64.2,Medium,0.0,679.0
Female,22,176.0,48.7,HIIT,82.2,Medium,0.0,1144.0
Male,47,171.0,66.2,HIIT,85.2,Low,0.0,1188.0
Female,47,176.0,40.0,Strength,48.0,Low,0.0,475.0
Male,34,185.0,112.4,HIIT,70.8,Medium,0.0,870.0
Female,40,155.0,70.0,Yoga,51.0,Low,0.0,693.0
Male,32,174.0,84.0,Strength,87.0,Low,0.0,1013.0
Female,54,165.0,43.8,Yoga,77.4,Medium,0.0,749.0
Male,38,162.0,123.3,Yoga,80.4,Medium,0.0,1216.0
Female,31,156.0,57.9,Yoga,108.0,High,0.0,1116.0
Male,19,196.0,82.4,HIIT,114.0,High,0.0,1766.0
Male,28,179.0,84.8,Cardio,81.0,Medium,0.0,1025.0
Male,56,166.0,109.6,Cardio,77.4,Medium,0.0,1060.0
Male,55,177.0,86.4,Yoga,60.0,Medium,0.0,777.0
Female,51,180.0,63.9,HIIT,64.2,Medium,0.0,626.0
Female,55,162.0,70.8,Strength,32.4,Low,0.0,394.0
Male,51,167.0,115.3,Yoga,82.8,Medium,0.0,950.0
Female,35,156.0,55.3,Strength,102.6,High,0.0,1188.0
Male,47,180.0,73.9,Strength,81.6,Low,0.0,942.0
Male,32,196.0,97.3,HIIT,81.6,Medium,0.0,1025.0
Female,44,165.0,60.4,HIIT,76.2,Medium,0.0,966.0
Male,51,161.0,49.3,Cardio,81.6,Low,0.0,868.0
Male,55,178.0,91.8,Cardio,86.4,Low,0.0,1091.0
Female,50,155.0,73.6,HIIT,53.4,Low,0.0,581.0
Male,41,178.0,47.1,Yoga,75.6,Low,0.0,929.0
Male,32,162.0,65.2,Cardio,34.8,Low,0.0,408.0
Male,47,164.0,87.2,Strength,120.0,High,0.0,1634.0
Male,59,171.0,96.7,Yoga,34.2,Low,0.0,423.0
Female,34,161.0,46.9,Strength,61.2,Medium,0.0,821.0
Female,22,162.0,72.1,HIIT,82.8,Low,0.0,849.0
Female,46,154.0,62.5,Strength,96.6,High,0.0,906.0
Male,21,169.0,110.7,Yoga,63.6,Low,0.0,775.0
Male,27,183.0,102.6,HIIT,84.6,Medium,0.0,954.0
Female,34,162.0,64.3,Yoga,105.6,High,0.0,1276.0
Male,27,161.0,80.7,Strength,105.0,High,0.0,1598.0
Male,34,181.0,115.3,Yoga,81.6,Low,0.0,1249.0
Male,37,169.0,87.8,HIIT,108.6,High,0.0,1573.0
Male,41,161.0,74.3,Strength,63.6,Medium,0.0,714.0
Female,22,170.0,78.5,Strength,81.6,Medium,0.0,938.0
Female,51,158.0,77.3,Cardio,58.2,Low,0.0,733.0
Female,23,170.0,64.5,Cardio,30.6,Low,0.0,319.0
Male,19,194.0,72.0,Yoga,70.2,Medium,0.0,952.0
Female,30,177.0,77.9,Cardio,84.6,Medium,0.0,916.0
Female,28,158.0,69.6,Cardio,89.4,Medium,0.0,1006.0
Male,40,199.0,68.9,Cardio,69.6,Medium,0.0,951.0
Male,33,189.0,45.9,Cardio,87.0,Medium,0.0,1148.0
Female,48,169.0,68.2,HIIT,45.0,Low,0.0,537.0
Female,28,159.0,79.6,HIIT,89.4,Medium,0.0,968.0
Female,33,152.0,53.6,Cardio,61.2,Low,0.0,643.0
Female,25,158.0,57.7,Yoga,81.6,Medium,0.0,986.0
Male,21,193.0,74.2,HIIT,79.2,Medium,0.0,1024.0
Female,57,156.0,64.4,Cardio,91.2,High,0.0,985.0
Female,21,178.0,54.9,HIIT,33.0,Low,0.0,380.0
Male,42,164.0,50.3,Strength,37.8,Low,0.0,468.0
Female,20,168.0,46.5,HIIT,54.6,Low,0.0,660.0
Male,49,199.0,57.8,HIIT,55.8,Low,0.0,741.0
Male,20,180.0,83.0,Yoga,47.4,Low,0.0,695.0
Male,44,179.0,82.5,HIIT,90.6,High,0.0,1159.0
Female,46,173.0,66.5,Yoga,66.6,Low,0.0,709.0
Female,49,167.0,70.2,Strength,55.8,Low,0.0,695.0
Male,36,193.0,121.9,Cardio,89.4,Medium,0.0,1082.0
Female,38,152.0,70.3,Yoga,71.4,Medium,0.0,857.0
Female,22,156.0,40.3,HIIT,87.0,Medium,0.0,877.0
Male,35,176.0,101.4,HIIT,50.4,Low,0.0,559.0
Male,45,195.0,79.2,Yoga,88.2,Medium,0.0,982.0
Female,59,177.0,75.8,Strength,87.6,Low,0.0,841.0
Male,39,188.0,71.7,Cardio,33.0,Low,0.0,445.0
Female,38,156.0,57.7,HIIT,98.4,High,0.0,1082.0
Female,23,160.0,47.4,Strength,45.6,Low,0.0,585.0
Female,18,175.0,57.2,Cardio,77.4,Medium,0.0,1032.0
Female,22,172.0,44.8,Cardio,88.8,Medium,0.0,977.0
Male,58,172.0,90.2,HIIT,54.0,Low,0.0,668.0
Male,29,172.0,84.9,Yoga,107.4,High,0.0,1378.0
Male,43,177.0,95.7,HIIT,64.8,Low,0.0,807.0
Male,51,165.0,59.0,HIIT,73.2,Medium,0.0,924.0
Female,31,177.0,60.5,HIIT,103.2,High,0.0,1092.0
Female,43,172.0,53.8,Strength,61.8,Medium,0.0,742.0
Male,44,197.0,86.6,Yoga,99.6,High,0.0,1372.0
Female,26,167.0,72.8,Strength,82.2,Low,0.0,829.0
Female,43,177.0,66.3,HIIT,88.8,Medium,0.0,1046.0
Female,39,160.0,56.0,Yoga,53.4,Low,0.0,672.0
Male,47,193.0,45.9,Cardio,77.4,Medium,0.0,1015.0
Male,34,164.0,88.0,Yoga,114.0,High,0.0,1536.0
Male,43,179.0,94.0,HIIT,78.6,Low,0.0,1012.0
Female,53,179.0,44.7,Yoga,80.4,Medium,0.0,965.0
Male,18,163.0,63.2,Cardio,39.6,Low,0.0,436.0
Male,25,190.0,95.6,Cardio,88.2,Medium,0.0,1294.0
Male,52,186.0,47.8,Yoga,60.6,Medium,0.0,645.0
Male,32,164.0,85.3,Cardio,106.2,High,0.0,1197.0
Male,39,183.0,59.7,Strength,81.0,Medium,0.0,1143.0
Male,31,198.0,70.2,Yoga,42.6,Low,0.0,504.0
Female,43,180.0,72.7,Cardio,47.4,Low,0.0,590.0
Female,45,179.0,50.4,Cardio,44.4,Low,0.0,433.0
Male,40,174.0,81.7,Yoga,54.6,Low,0.0,666.0
Male,31,162.0,49.3,Strength,33.6,Low,0.0,484.0
Female,41,164.0,61.9,Yoga,115.8,High,0.0,1138.0
Female,19,168.0,49.1,Cardio,85.2,Medium,0.0,1164.0
Male,43,183.0,66.5,Yoga,66.6,Medium,0.0,747.0
Male,31,193.0,75.5,Cardio,36.0,Low,0.0,446.0
Male,24,179.0,88.2,HIIT,105.6,High,0.0,1491.0
Male,20,175.0,74.8,Yoga,79.8,Medium,0.0,885.0
Female,40,160.0,72.2,Yoga,52.2,Low,0.0,566.0
Male,35,163.0,62.8,Cardio,84.6,Medium,0.0,1241.0
Male,55,179.0,84.7,Cardio,71.4,Medium,0.0,719.0
Male,52,169.0,116.5,Cardio,31.8,Low,0.0,388.0
Male,32,192.0,77.4,Cardio,83.4,Medium,0.0,1047.0
Female,42,162.0,72.9,Yoga,70.2,Medium,0.0,732.0
Female,54,159.0,58.4,Cardio,64.8,Low,0.0,807.0
Female,45,154.0,64.3,Yoga,100.2,High,0.0,999.0
Male,27,187.0,89.3,Strength,97.2,High,0.0,1363.0
Male,56,161.0,90.2,Yoga,82.8,Medium,0.0,1148.0
Female,34,162.0,59.0,Cardio,67.8,Medium,0.0,847.0
Male,56,186.0,58.7,Cardio,65.4,Medium,0.0,858.0
Male,39,182.0,127.5,Strength,75.6,Medium,0.0,1116.0
Female,43,152.0,68.6,Yoga,85.2,Medium,0.0,875.0
Female,42,153.0,56.7,Strength,64.2,Low,0.0,717.0
Female,34,178.0,64.5,Yoga,79.8,Medium,0.0,958.0
Female,30,152.0,61.6,Cardio,106.8,High,0.0,1228.0
Male,37,182.0,75.1,Yoga,73.8,Medium,0.0,859.0
Male,42,193.0,79.3,Cardio,73.2,Low,0.0,888.0
Female,21,168.0,72.6,Cardio,71.4,Medium,0.0,756.0
Male,27,170.0,76.7,HIIT,57.6,Low,0.0,792.0
Female,20,161.0,44.2,HIIT,64.8,Low,0.0,659.0
Female,58,170.0,56.5,Yoga,44.4,Low,0.0,406.0
Male,35,163.0,100.9,Cardio,66.0,Low,0.0,986.0
Female,53,155.0,55.8,Strength,67.2,Medium,0.0,711.0
Male,39,193.0,58.3,Cardio,81.0,Medium,0.0,1010.0
Male,51,177.0,48.6,Strength,88.2,Low,0.0,1128.0
Male,25,195.0,81.7,Yoga,116.4,High,0.0,1451.0
Male,57,169.0,85.6,Yoga,105.6,High,0.0,1159.0
Female,36,172.0,60.0,Strength,97.8,High,0.0,1043.0
Male,59,169.0,126.4,Strength,74.4,Low,0.0,915.0
Female,58,178.0,75.4,Cardio,63.0,Medium,0.0,662.0
Female,54,169.0,64.2,Yoga,101.4,High,0.0,996.0
Female,23,162.0,65.2,Cardio,82.2,Medium,0.0,1069.0
Female,43,166.0,70.1,Strength,59.4,Low,0.0,673.0
Male,51,177.0,102.6,HIIT,72.6,Low,0.0,779.0
Male,23,193.0,107.2,HIIT,69.0,Medium,0.0,879.0
Female,54,175.0,56.5,HIIT,105.6,High,0.0,1220.0
Female,50,175.0,61.6,Strength,73.2,Medium,0.0,911.0
Male,39,175.0,81.7,Cardio,79.2,Medium,0.0,1198.0
Female,38,158.0,76.6,Yoga,44.4,Low,0.0,481.0
Male,23,179.0,116.8,Strength,60.0,Medium,0.0,698.0
Female,23,159.0,60.1,HIIT,108.0,High,0.0,1107.0
Male,21,173.0,93.7,Cardio,60.0,Low,0.0,803.0
Female,47,158.0,41.6,Yoga,61.8,Medium,0.0,756.0
Female,28,179.0,55.1,Yoga,119.4,High,0.0,1582.0
Male,47,176.0,127.1,Strength,42.6,Low,0.0,552.0
Female,48,160.0,69.1,Strength,80.4,Medium,0.0,1001.0
Female,41,174.0,66.8,Yoga,80.4,Low,0.0,898.0
Male,26,176.0,125.5,Yoga,69.0,Medium,0.0,1031.0
Female,20,158.0,71.3,HIIT,64.2,Medium,0.0,893.0
Male,48,161.0,129.2,Yoga,63.6,Medium,0.0,876.0
Male,57,186.0,96.3,Strength,66.0,Medium,0.0,795.0
Female,54,154.0,67.5,Cardio,43.2,Low,0.0,454.0
Female,53,155.0,64.4,HIIT,106.2,High,0.0,1107.0
Female,41,157.0,64.9,HIIT,62.4,Medium,0.0,576.0
Female,48,166.0,52.3,Yoga,44.4,Low,0.0,433.0
Female,23,155.0,56.7,Cardio,82.8,Medium,0.0,911.0
Female,19,163.0,46.8,HIIT,81.0,Medium,0.0,864.0
Female,37,177.0,70.3,Strength,60.6,Low,0.0,621.0
Male,45,176.0,80.8,Yoga,102.0,High,0.0,1102.0
Female,28,150.0,56.0,Strength,116.4,High,0.0,1242.0
Male,21,184.0,101.2,Yoga,78.0,Low,0.0,944.0
Female,32,157.0,56.6,HIIT,99.0,High,0.0,1378.0
Female,23,175.0,40.9,Yoga,49.2,Low,0.0,594.0
Male,47,165.0,127.8,Cardio,46.2,Low,0.0,598.0
Female,55,176.0,49.3,Strength,76.8,Low,0.0,927.0
Female,19,163.0,64.3,Cardio,112.2,High,0.0,1234.0
Male,32,162.0,49.3,Strength,70.8,Medium,0.0,1025.0
Female,28,162.0,63.0,Strength,40.8,Low,0.0,500.0
Female,25,167.0,41.1,Yoga,61.8,Medium,0.0,711.0
Female,43,174.0,40.5,HIIT,90.0,Medium,0.0,965.0
Male,22,162.0,71.0,HIIT,54.6,Low,0.0,691.0
Female,23,162.0,60.9,Cardio,95.4,High,0.0,1336.0
Female,43,166.0,64.7,Yoga,112.8,High,0.0,1117.0
Female,21,171.0,51.0,HIIT,64.2,Medium,0.0,706.0
Female,36,177.0,57.7,Strength,99.0,High,0.0,1213.0
Male,37,182.0,76.9,Strength,89.4,Medium,0.0,992.0
Male,50,177.0,80.5,Yoga,111.0,High,0.0,1181.0
Female,37,174.0,73.3,Cardio,61.8,Medium,0.0,726.0
Female,29,157.0,49.0,Yoga,79.8,Medium,0.0,878.0
Male,18,197.0,114.5,Cardio,61.8,Low,0.0,725.0
Male,43,178.0,81.0,Yoga,94.8,High,0.0,1189.0
Female,31,176.0,53.5,Strength,73.2,Medium,0.0,811.0
Male,55,168.0,52.1,Yoga,46.2,Low,0.0,637.0
Female,54,152.0,70.1,HIIT,45.6,Low,0.0,475.0
Male,28,178.0,86.9,HIIT,77.4,Medium,0.0,951.0
Male,53,176.0,73.4,Yoga,65.4,Medium,0.0,815.0
Male,30,166.0,90.0,Cardio,79.2,Medium,0.0,1104.0
Male,20,192.0,85.7,Cardio,103.2,High,0.0,1287.0
Female,50,155.0,70.4,Strength,43.8,Low,0.0,470.0
Male,23,171.0,57.7,Strength,69.0,Medium,0.0,942.0
Male,27,176.0,75.7,Cardio,40.8,Low,0.0,494.0
Female,22,152.0,61.8,Yoga,109.8,High,0.0,1519.0
Male,40,176.0,80.3,Strength,97.8,High,0.0,1497.0
Male,27,168.0,104.3,Cardio,76.8,Medium,0.0,950.0
Female,19,158.0,65.7,Cardio,87.6,Medium,0.0,883.0
Male,30,196.0,120.3,Yoga,39.6,Low,0.0,494.0
Female,57,157.0,51.9,HIIT,63.0,Medium,0.0,713.0
Female,19,157.0,59.1,Cardio,99.0,High,0.0,1336.0
Female,37,175.0,66.9,Strength,82.8,Medium,0.0,876.0
Female,18,175.0,66.9,Yoga,56.4,Low,0.0,573.0
Male,54,166.0,78.7,Yoga,85.2,Medium,0.0,921.0
Female,26,161.0,62.4,Yoga,112.8,High,0.0,1307.0
Male,34,171.0,102.1,HIIT,57.6,Low,0.0,713.0
Male,26,200.0,51.9,HIIT,45.0,Low,0.0,549.0
Male,28,200.0,58.3,Strength,79.2,Medium,0.0,980.0
Male,32,192.0,89.8,Strength,115.8,High,0.0,1783.0
Male,41,183.0,101.1,Yoga,47.4,Low,0.0,634.0
Male,55,172.0,118.6,Strength,46.2,Low,0.0,640.0
Male,52,185.0,84.8,Cardio,71.4,Low,0.0,895.0
Male,47,177.0,80.0,HIIT,43.2,Low,0.0,531.0
Male,48,183.0,73.1,Yoga,63.0,Medium,0.0,681.0
Male,22,168.0,117.3,Yoga,74.4,Medium,0.0,914.0
Female,31,171.0,77.4,Cardio,75.6,Medium,0.0,863.0
Female,28,167.0,72.9,Cardio,67.8,Medium,0.0,831.0
Female,26,150.0,71.2,Cardio,69.0,Low,0.0,816.0
Male,51,162.0,88.2,Cardio,93.6,High,0.0,1027.0
Female,29,180.0,75.6,Yoga,78.6,Medium,0.0,976.0
Female,52,156.0,57.9,HIIT,99.6,High,0.0,1135.0
Female,52,158.0,70.6,HIIT,61.2,Medium,0.0,753.0
Male,18,164.0,118.6,Cardio,56.4,Low,0.0,693.0
Male,57,199.0,55.7,Strength,67.8,Medium,0.0,705.0
Male,39,194.0,102.3,Yoga,53.4,Low,0.0,656.0
Male,46,187.0,72.6,HIIT,78.6,Medium,0.0,1044.0
Female,25,168.0,63.8,Cardio,57.0,Low,0.0,784.0
Female,28,167.0,67.3,Strength,36.6,Low,0.0,479.0
Female,58,158.0,59.3,Strength,118.2,High,0.0,1463.0
Female,54,157.0,70.7,Cardio,68.4,Low,0.0,836.0
Male,31,169.0,86.9,Yoga,103.2,High,0.0,1230.0
Male,47,190.0,98.2,HIIT,45.6,Low,0.0,557.0
Male,52,162.0,63.6,Strength,78.0,Medium,0.0,965.0
Female,38,168.0,45.2,HIIT,60.6,Medium,0.0,727.0
Male,54,162.0,117.2,HIIT,62.4,Medium,0.0,736.0
Male,22,174.0,107.4,Strength,80.4,Low,0.0,1017.0
Female,36,178.0,59.1,Cardio,51.0,Low,0.0,514.0
Female,31,164.0,53.3,Strength,34.2,Low,0.0,402.0
Male,43,163.0,46.2,Strength,70.8,Low,0.0,812.0
Male,21,161.0,67.0,Yoga,79.2,Medium,0.0,1104.0
Male,42,177.0,86.3,HIIT,106.2,High,0.0,1113.0
Male,59,167.0,85.5,Cardio,119.4,High,0.0,1418.0
Male,42,187.0,70.2,HIIT,82.8,Medium,0.0,1127.0
Male,35,162.0,127.1,Strength,61.2,Medium,0.0,718.0
Female,57,167.0,75.6,Cardio,63.0,Medium,0.0,723.0
Female,25,165.0,62.6,Cardio,72.0,Low,0.0,852.0
Female,56,153.0,55.7,Cardio,114.6,High,0.0,1066.0
Male,57,174.0,96.1,Cardio,72.6,Medium,0.0,862.0
Female,31,162.0,76.7,Yoga,83.4,Medium,0.0,883.0
Male,49,189.0,57.2,Cardio,68.4,Low,0.0,762.0
Male,55,181.0,69.9,Strength,72.0,Medium,0.0,992.0
Female,50,177.0,67.9,Yoga,61.8,Medium,0.0,760.0
Male,40,187.0,87.9,Strength,117.6,High,0.0,1445.0
Male,32,198.0,102.8,Strength,74.4,Medium,0.0,818.0
Female,50,150.0,51.8,HIIT,79.2,Low,0.0,838.0
Female,42,157.0,57.7,Cardio,109.8,High,0.0,1005.0
Female,34,169.0,66.5,Cardio,48.6,Low,0.0,636.0
Male,50,161.0,95.4,Strength,69.6,Medium,0.0,764.0
Female,19,160.0,69.2,Cardio,70.2,Low,0.0,907.0
Female,31,167.0,66.6,Yoga,61.2,Medium,0.0,699.0
Male,57,165.0,83.4,HIIT,94.2,High,0.0,1290.0
Female,57,175.0,43.8,Cardio,83.4,Low,0.0,1001.0
Female,56,169.0,64.2,Cardio,119.4,High,0.0,1227.0
Female,23,162.0,44.1,Yoga,34.8,Low,0.0,354.0
Male,23,191.0,87.3,HIIT,112.2,High,0.0,1327.0
Male,20,160.0,55.0,Yoga,67.2,Medium,0.0,1035.0
Male,24,174.0,87.1,Strength,94.2,High,0.0,1364.0
Male,25,161.0,66.6,Strength,82.8,Low,0.0,1260.0
Female,59,176.0,60.4,Cardio,103.2,High,0.0,929.0
Male,32,183.0,126.4,HIIT,66.0,Medium,0.0,883.0
Male,46,163.0,88.7,Strength,45.0,Low,0.0,542.0
